{
    "info": {
        "year": "2022",
        "version": "1",
        "description": "Exported from roboflow.ai",
        "contributor": "",
        "url": "https://public.roboflow.ai/object-detection/undefined",
        "date_created": "2022-04-06T15:04:09+00:00"
    },
    "licenses": [
        {
            "id": 1,
            "url": "https://creativecommons.org/licenses/by/4.0/",
            "name": "CC BY 4.0"
        }
    ],
    "categories": [
        {
            "id": 0,
            "name": "Quadcoptor",
            "supercategory": "none"
        },
        {
            "id": 1,
            "name": "Quadcoptor",
            "supercategory": "Quadcoptor"
        }
    ],
    "images": [
        {
            "id": 0,
            "license": 1,
            "file_name": "10000005_jpeg.rf.73e18162acf9b2aca0530aa33386fa8c.jpg",
            "height": 600,
            "width": 800,
            "date_captured": "2022-04-06T15:04:09+00:00"
        },
        {
            "id": 1,
            "license": 1,
            "file_name": "10000013_jpeg.rf.9dc791c1fb4b237df1bef3ff3dbe0627.jpg",
            "height": 600,
            "width": 800,
            "date_captured": "2022-04-06T15:04:09+00:00"
        },
        {
            "id": 2,
            "license": 1,
            "file_name": "10000017_jpeg.rf.576bf922497dcb9dea6508fc8e679214.jpg",
            "height": 600,
            "width": 800,
            "date_captured": "2022-04-06T15:04:09+00:00"
        },
        {
            "id": 3,
            "license": 1,
            "file_name": "10000004_jpeg.rf.bb419fe79e2dbe07c048c22d1a54cdda.jpg",
            "height": 600,
            "width": 800,
            "date_captured": "2022-04-06T15:04:09+00:00"
        },
        {
            "id": 4,
            "license": 1,
            "file_name": "10000019_jpeg.rf.ae8fe7dc2991614213edf04271eaec71.jpg",
            "height": 600,
            "width": 800,
            "date_captured": "2022-04-06T15:04:09+00:00"
        },
        {
            "id": 5,
            "license": 1,
            "file_name": "10000006_jpeg.rf.dde6e0cf919f13f143f761b6f38803d7.jpg",
            "height": 600,
            "width": 800,
            "date_captured": "2022-04-06T15:04:09+00:00"
        },
        {
            "id": 6,
            "license": 1,
            "file_name": "10000001_jpeg.rf.b6bc30f2f812bf84eaefa38596b51115.jpg",
            "height": 600,
            "width": 800,
            "date_captured": "2022-04-06T15:04:09+00:00"
        },
        {
            "id": 7,
            "license": 1,
            "file_name": "10000003_jpeg.rf.de7b8e0b080d0eda44381bdd8142463c.jpg",
            "height": 600,
            "width": 800,
            "date_captured": "2022-04-06T15:04:09+00:00"
        },
        {
            "id": 8,
            "license": 1,
            "file_name": "10000018_jpeg.rf.9333c342caefa763a824b76920b5740d.jpg",
            "height": 600,
            "width": 800,
            "date_captured": "2022-04-06T15:04:09+00:00"
        },
        {
            "id": 9,
            "license": 1,
            "file_name": "10000008_jpeg.rf.e7b6322c529ba43f45cbe7ce582a1597.jpg",
            "height": 600,
            "width": 800,
            "date_captured": "2022-04-06T15:04:09+00:00"
        },
        {
            "id": 10,
            "license": 1,
            "file_name": "10000009_jpeg.rf.17de66b3589403db59b385afe9f48ac7.jpg",
            "height": 600,
            "width": 800,
            "date_captured": "2022-04-06T15:04:09+00:00"
        },
        {
            "id": 11,
            "license": 1,
            "file_name": "10000010_jpeg.rf.deaf42df4e0d7d44b33d425bd079e137.jpg",
            "height": 600,
            "width": 800,
            "date_captured": "2022-04-06T15:04:09+00:00"
        }
    ],
    "annotations": [
        {
            "id": 0,
            "image_id": 0,
            "category_id": 1,
            "bbox": [
                87,
                94,
                632,
                377.5
            ],
            "area": 238580,
            "segmentation": [],
            "iscrowd": 0
        },
        {
            "id": 1,
            "image_id": 1,
            "category_id": 1,
            "bbox": [
                274,
                117,
                374,
                337
            ],
            "area": 126038,
            "segmentation": [],
            "iscrowd": 0
        },
        {
            "id": 2,
            "image_id": 2,
            "category_id": 1,
            "bbox": [
                320,
                99,
                378.5,
                341.5
            ],
            "area": 129257.75,
            "segmentation": [],
            "iscrowd": 0
        },
        {
            "id": 3,
            "image_id": 3,
            "category_id": 1,
            "bbox": [
                111,
                101,
                667,
                324.5
            ],
            "area": 216441.5,
            "segmentation": [],
            "iscrowd": 0
        },
        {
            "id": 4,
            "image_id": 4,
            "category_id": 1,
            "bbox": [
                88,
                113,
                389,
                231.5
            ],
            "area": 90053.5,
            "segmentation": [],
            "iscrowd": 0
        },
        {
            "id": 5,
            "image_id": 5,
            "category_id": 1,
            "bbox": [
                476,
                111,
                226,
                105.5
            ],
            "area": 23843,
            "segmentation": [],
            "iscrowd": 0
        },
        {
            "id": 6,
            "image_id": 6,
            "category_id": 1,
            "bbox": [
                209,
                142,
                467,
                311
            ],
            "area": 145237,
            "segmentation": [],
            "iscrowd": 0
        },
        {
            "id": 7,
            "image_id": 7,
            "category_id": 1,
            "bbox": [
                143,
                100,
                542.5,
                374.5
            ],
            "area": 203166.25,
            "segmentation": [],
            "iscrowd": 0
        },
        {
            "id": 8,
            "image_id": 8,
            "category_id": 1,
            "bbox": [
                332,
                175,
                389.5,
                332.5
            ],
            "area": 129508.75,
            "segmentation": [],
            "iscrowd": 0
        },
        {
            "id": 9,
            "image_id": 9,
            "category_id": 1,
            "bbox": [
                99,
                167,
                298.5,
                180
            ],
            "area": 53730,
            "segmentation": [],
            "iscrowd": 0
        },
        {
            "id": 10,
            "image_id": 10,
            "category_id": 1,
            "bbox": [
                264,
                45,
                263.5,
                192.5
            ],
            "area": 50723.75,
            "segmentation": [],
            "iscrowd": 0
        },
        {
            "id": 11,
            "image_id": 11,
            "category_id": 1,
            "bbox": [
                339,
                169,
                174,
                134
            ],
            "area": 23316,
            "segmentation": [],
            "iscrowd": 0
        }
    ]
}